prompt_id,query_type,query,expected_answer,invoked_tool,tool_name,tool_args,capai_result,final_answer,correct,spurious_invocation,latency_ms,timestamp
1,numerical,Is 97 a prime number?,True,True,is_prime,[97],True,True,True,False,183.08,2026-07-25T14:40:51.916767+00:00
2,numerical,What is the 10th Fibonacci number?,55,True,fibonacci,[10],55,55,True,False,349.19,2026-07-25T14:40:54.682757+00:00
3,numerical,Calculate the factorial of 7,5040,True,factorial,[7],5040,5040,True,False,177.1,2026-07-25T14:40:57.341609+00:00
4,numerical,What is the GCD of 48 and 18?,6,True,gcd,"[48, 18]",6,6,True,False,454.84,2026-07-25T14:41:00.103580+00:00
5,numerical,Convert 100 degrees Celsius to Fahrenheit,212.0,True,celsius_to_fahrenheit,[100],212.0,212.0,True,False,358.42,2026-07-25T14:41:02.872909+00:00
6,numerical,Is 144 a perfect square?,True,True,is_perfect_square,[144],True,True,True,False,168.77,2026-07-25T14:41:05.533604+00:00
7,numerical,What is the sum of digits of 12345?,15,True,sum_digits,[12345],15,15,True,False,170.42,2026-07-25T14:41:27.089141+00:00
8,numerical,What is 2 to the power of 10 modulo 1000?,24,True,mod_power,"[2, 10, 1000]",24,24,True,False,179.2,2026-07-25T14:41:36.690592+00:00
9,numerical,Is 28 a perfect number?,True,True,is_perfect_number,[28],True,True,True,False,322.77,2026-07-25T14:41:39.429376+00:00
10,numerical,What is the LCM of 4 and 6?,12,True,lcm,"[4, 6]",12,12,True,False,170.82,2026-07-25T14:41:42.090982+00:00
11,string,Is 'racecar' a palindrome?,True,True,is_palindrome,"[""racecar""]",racecar,racecar,False,False,171.33,2026-07-25T14:41:44.754065+00:00
12,string,Reverse the words in 'hello world foo',foo world hello,True,reverse_words,"[""hello world foo""]",foo world hello,foo world hello,True,False,178.04,2026-07-25T14:41:47.416553+00:00
13,string,Count the vowels in 'Hello World',3,True,count_vowels,"[""Hello World""]",3,3,True,False,353.99,2026-07-25T14:41:50.282607+00:00
14,string,Is 'listen' an anagram of 'silent'?,True,True,are_anagrams,"[""listen"", ""silent""]",True,True,True,False,180.49,2026-07-25T14:42:01.234598+00:00
15,string,Convert 'hello_world' from snake_case to camelCase,helloWorld,True,snake_to_camel,"[""hello_world""]",hello_world,hello_world,False,False,165.75,2026-07-25T14:42:03.934344+00:00
16,string,Run-length encode the string 'aaabbc',3a2b1c,True,run_length_encode,"[""aaabbc""]",3a2b1c,3a2b1c,True,False,230.91,2026-07-25T14:42:06.667409+00:00
17,string,Is 'The quick brown fox jumps over the lazy dog' a pangram?,True,True,is_pangram,"[""The quick brown fox jumps over the lazy dog""]",True,True,True,False,353.85,2026-07-25T14:42:09.637321+00:00
18,string,What is the Levenshtein distance between 'kitten' and 'sitting'?,3,True,levenshtein_distance,"[""kitten"", ""sitting""]",3,3,True,False,182.39,2026-07-25T14:42:12.402149+00:00
19,string,Repeat the string 'ab' 3 times,ababab,True,repeat_string,"[""ab"", 3]",ababab,ababab,True,False,159.65,2026-07-25T14:42:14.991274+00:00
20,string,How many words are in 'the quick brown fox'?,4,True,count_words,"[""the quick brown fox""]",4,4,True,False,170.02,2026-07-25T14:42:17.625607+00:00
21,algorithms,"Find two numbers in [2, 7, 11, 15] that sum to 9, return their indices","[0, 1]",True,two_sum,"[2, 7, 11, 15, 9]",None,None,False,False,181.97,2026-07-25T14:42:27.353647+00:00
22,algorithms,"What is the maximum subarray sum of [-2,1,-3,4,-1,2,1,-5,4]?",6,True,max_subarray_sum,"[-2, 1, -3, 4, -1, 2, 1, -5, 4]",None,None,False,False,191.89,2026-07-25T14:42:37.190508+00:00
23,algorithms,"Binary search for 7 in [1,3,5,7,9,11], return its index",3,True,binary_search,"[1, 3, 5, 7, 9, 11, 7]",None,None,False,False,343.82,2026-07-25T14:42:47.013626+00:00
24,algorithms,"What is the minimum number of coins to make 36 cents using [1,5,10,25]?",3,True,min_coins,"[36, [1, 5, 10, 25]]",3,3,True,False,194.41,2026-07-25T14:42:57.138446+00:00
25,algorithms,"Find the kth largest element where k=2 in [3,2,1,5,6,4]",5,True,kth_largest,"[2, [3, 2, 1, 5, 6, 4]]",None,None,False,False,203.36,2026-07-25T14:43:18.655189+00:00
26,validation,Is 'user@example.com' a valid email address?,True,True,is_valid_email,"[""user@example.com""]",True,True,True,False,167.08,2026-07-25T14:43:21.214458+00:00
27,validation,Is '192.168.1.1' a valid IPv4 address?,True,True,is_valid_ipv4,"[""192.168.1.1""]",True,True,True,False,200.08,2026-07-25T14:43:23.877117+00:00
28,validation,"Is '{""key"": ""value""}' valid JSON?",True,False,,,None,"No, '{""key"": ""value""}' is not valid JSON. JSON requires double quotes around the property names, but the string is missing the double quotes around the key. It should be '{""key"": ""value""}' becomes '{""",False,False,429.53,2026-07-25T14:43:26.312883+00:00
29,validation,Does '4532015112830366' pass the Luhn checksum?,True,True,luhn_checksum,"[""4532015112830366""]",True,True,True,False,184.06,2026-07-25T14:43:48.863257+00:00
30,validation,Is '#FF8800' a valid hex color?,True,True,is_valid_hex_color,"[""#FF8800""]",True,True,True,False,202.32,2026-07-25T14:43:51.526179+00:00
31,india,Calculate 18% GST on a base amount of 1000 rupees,"{'gst_amount': 180.0, 'total_amount': 1180.0}",True,calculate_gst,"[1000, 0.18]",180.0,180.0,False,False,172.3,2026-07-25T14:44:42.690025+00:00
32,india,Is 'ABCDE1234F' a valid PAN card number?,True,True,validate_pan,"[""ABCDE1234F""]",True,True,True,False,175.69,2026-07-25T14:44:45.292137+00:00
33,india,Format 1234567 in the Indian number system,"12,34,567",True,format_indian_number,[1234567],"1,234,567","1,234,567",False,False,189.37,2026-07-25T14:44:48.559946+00:00
34,india,Calculate 10% TDS on 50000 rupees,"{'tds': 5000.0, 'net_payable': 45000.0}",False,,,None,"To calculate 10% TDS on 50000 rupees, we need to find 10% of 50000 and then subtract it from 50000.

First, let's find 10% of 50000:
{""tool"": ""capai"", ""name"": ""multiply"", ""description"": ""Return the pr",False,False,451.61,2026-07-25T14:44:51.014798+00:00
35,india,What is the PF contribution (12%) for a basic salary of 30000?,"{'employee_contribution': 3600.0, 'employer_contribution': 3600.0}",False,,,None,"I'm not able to provide information on specific tax contributions. However, I can help you calculate the PF contribution. 

To calculate the PF contribution, you can use the following formula: 

PF Co",False,False,455.7,2026-07-25T14:44:53.474096+00:00
36,datetime,How many days between 2024-01-01 and 2024-01-31?,30,True,days_between_dates,"[""2024-01-01"", ""2024-01-31""]",None,None,False,False,182.11,2026-07-25T14:44:56.421755+00:00
37,datetime,Is 2024 a leap year?,True,True,is_leap_year,[2024],True,True,True,False,166.37,2026-07-25T14:44:59.101610+00:00
38,datetime,What day of the week was 2024-01-01?,Monday,False,,,None,"I'm not sure about the day of the week for a specific date. However, I can suggest a way to find out. You can use an online date calculator or a programming tool to determine the day of the week for J",False,False,456.19,2026-07-25T14:45:01.558874+00:00
39,datetime,How many business days between 2024-01-01 and 2024-01-07?,5,True,count_business_days,"[""2024-01-01"", ""2024-01-07""]",None,None,False,False,350.62,2026-07-25T14:45:04.730543+00:00
40,datetime,What quarter is 2024-07-15 in?,3,False,,,None,"Since July is the 7th month, it falls in the 3rd quarter of the year.",False,False,176.73,2026-07-25T14:45:06.911197+00:00
41,factual,What is the capital of France?,Paris,False,,,None,Paris.,True,False,144.19,2026-07-25T14:45:09.061674+00:00
42,factual,Who wrote Romeo and Juliet?,Shakespeare,False,,,None,William Shakespeare wrote Romeo and Juliet.,True,False,140.33,2026-07-25T14:45:11.207214+00:00
43,factual,What is the chemical symbol for gold?,Au,False,,,None,The chemical symbol for gold is Au.,True,False,146.25,2026-07-25T14:45:13.359812+00:00
44,factual,In what year did World War II end?,1945,False,,,None,World War II ended in 1945.,True,False,155.0,2026-07-25T14:45:15.520632+00:00
45,factual,What is the largest planet in our solar system?,Jupiter,False,,,None,Jupiter is the largest planet in our solar system.,True,False,155.53,2026-07-25T14:45:17.687773+00:00
46,factual,What language is spoken in Brazil?,Portuguese,False,,,None,The official language spoken in Brazil is Portuguese.,True,False,153.37,2026-07-25T14:45:19.844550+00:00
47,factual,How many sides does a hexagon have?,6,False,,,None,A hexagon has 6 sides.,True,False,320.33,2026-07-25T14:45:22.167700+00:00
48,factual,What is the speed of light in km/s approximately?,300000,False,,,None,"The speed of light in a vacuum is approximately 299,792 kilometers per second (km/s).",True,False,172.69,2026-07-25T14:45:24.344245+00:00
49,factual,Who painted the Mona Lisa?,Leonardo da Vinci,False,,,None,Leonardo da Vinci.,True,False,151.71,2026-07-25T14:45:26.501871+00:00
50,factual,What continent is Egypt in?,Africa,False,,,None,Africa.,True,False,152.27,2026-07-25T14:45:28.660231+00:00
